Workbook

Sheet Veri Girişi
A1: Personel Çalışma Süresi Takip Tablosu
A2: Tarih | B2: Personel | C2: Giriş Saati | D2: Çıkış Saati | E2: Mola (saat) | F2: Zorunlu Mesai | G2: Fazla Mesai
G3: =IF(OR(C3="", D3="", E3="", F3=""), "", (D3-C3)*24 - E3 - F3)
G4: =IF(OR(C4="", D4="", E4="", F4=""), "", (D4-C4)*24 - E4 - F4)
G5: =IF(OR(C5="", D5="", E5="", F5=""), "", (D5-C5)*24 - E5 - F5)
G6: =IF(OR(C6="", D6="", E6="", F6=""), "", (D6-C6)*24 - E6 - F6)
G7: =IF(OR(C7="", D7="", E7="", F7=""), "", (D7-C7)*24 - E7 - F7)
G8: =IF(OR(C8="", D8="", E8="", F8=""), "", (D8-C8)*24 - E8 - F8)
G9: =IF(OR(C9="", D9="", E9="", F9=""), "", (D9-C9)*24 - E9 - F9)
G10: =IF(OR(C10="", D10="", E10="", F10=""), "", (D10-C10)*24 - E10 - F10)
G11: =IF(OR(C11="", D11="", E11="", F11=""), "", (D11-C11)*24 - E11 - F11)
G12: =IF(OR(C12="", D12="", E12="", F12=""), "", (D12-C12)*24 - E12 - F12)
G13: =IF(OR(C13="", D13="", E13="", F13=""), "", (D13-C13)*24 - E13 - F13)
G14: =IF(OR(C14="", D14="", E14="", F14=""), "", (D14-C14)*24 - E14 - F14)
... G33: =IF(OR(C33="", D33="", E33="", F33=""), "", (D33-C33)*24 - E33 - F33)

Sheet Fazla Mesai Detayı
A1: Fazla Mesai Detayları
A2: Tarih | B2: Personel | C2: Mesai Başlangıç | D2: Mesai Bitiş | E2: Fazla Mesai (saat) | F2: Açıklama
A3: =IFERROR(IF(AND(ABS('Veri Girişi'!G3)>0.001, 'Veri Girişi'!A3<>""), 'Veri Girişi'!A3, ""), "") | B3: =IFERROR(IF(AND(ABS('Veri Girişi'!G3)>0.001, 'Veri Girişi'!B3<>""), 'Veri Girişi'!B3, ""), "") | C3: =IFERROR(IF(AND(ABS('Veri Girişi'!G3)>0.001, 'Veri Girişi'!C3<>""), 'Veri Girişi'!C3, ""), "") | D3: =IFERROR(IF(AND(ABS('Veri Girişi'!G3)>0.001, 'Veri Girişi'!D3<>""), 'Veri Girişi'!D3, ""), "") | E3: =IFERROR(IF(AND(ABS('Veri Girişi'!G3)>0.001, 'Veri Girişi'!G3<>""), 'Veri Girişi'!G3, ""), "") | F3: =IF(AND(ISNUMBER('Veri Girişi'!G3), 'Veri Girişi'!G3>0.001), "Planlanan çıkış sonrası fazla mesai", IF(AND(ISNUMBER('Veri Girişi'!G3), 'Veri Girişi'!G3<-0.001), "Planlanan çıkıştan önce çıkılmış", ""))
A4: =IFERROR(IF(AND(ABS('Veri Girişi'!G4)>0.001, 'Veri Girişi'!A4<>""), 'Veri Girişi'!A4, ""), "") | B4: =IFERROR(IF(AND(ABS('Veri Girişi'!G4)>0.001, 'Veri Girişi'!B4<>""), 'Veri Girişi'!B4, ""), "") | C4: =IFERROR(IF(AND(ABS('Veri Girişi'!G4)>0.001, 'Veri Girişi'!C4<>""), 'Veri Girişi'!C4, ""), "") | D4: =IFERROR(IF(AND(ABS('Veri Girişi'!G4)>0.001, 'Veri Girişi'!D4<>""), 'Veri Girişi'!D4, ""), "") | E4: =IFERROR(IF(AND(ABS('Veri Girişi'!G4)>0.001, 'Veri Girişi'!G4<>""), 'Veri Girişi'!G4, ""), "") | F4: =IF(AND(ISNUMBER('Veri Girişi'!G4), 'Veri Girişi'!G4>0.001), "Planlanan çıkış sonrası fazla mesai", IF(AND(ISNUMBER('Veri Girişi'!G4), 'Veri Girişi'!G4<-0.001), "Planlanan çıkıştan önce çıkılmış", ""))
A5: =IFERROR(IF(AND(ABS('Veri Girişi'!G5)>0.001, 'Veri Girişi'!A5<>""), 'Veri Girişi'!A5, ""), "") | B5: =IFERROR(IF(AND(ABS('Veri Girişi'!G5)>0.001, 'Veri Girişi'!B5<>""), 'Veri Girişi'!B5, ""), "") | C5: =IFERROR(IF(AND(ABS('Veri Girişi'!G5)>0.001, 'Veri Girişi'!C5<>""), 'Veri Girişi'!C5, ""), "") | D5: =IFERROR(IF(AND(ABS('Veri Girişi'!G5)>0.001, 'Veri Girişi'!D5<>""), 'Veri Girişi'!D5, ""), "") | E5: =IFERROR(IF(AND(ABS('Veri Girişi'!G5)>0.001, 'Veri Girişi'!G5<>""), 'Veri Girişi'!G5, ""), "") | F5: =IF(AND(ISNUMBER('Veri Girişi'!G5), 'Veri Girişi'!G5>0.001), "Planlanan çıkış sonrası fazla mesai", IF(AND(ISNUMBER('Veri Girişi'!G5), 'Veri Girişi'!G5<-0.001), "Planlanan çıkıştan önce çıkılmış", ""))
A6: =IFERROR(IF(AND(ABS('Veri Girişi'!G6)>0.001, 'Veri Girişi'!A6<>""), 'Veri Girişi'!A6, ""), "") | B6: =IFERROR(IF(AND(ABS('Veri Girişi'!G6)>0.001, 'Veri Girişi'!B6<>""), 'Veri Girişi'!B6, ""), "") | C6: =IFERROR(IF(AND(ABS('Veri Girişi'!G6)>0.001, 'Veri Girişi'!C6<>""), 'Veri Girişi'!C6, ""), "") | D6: =IFERROR(IF(AND(ABS('Veri Girişi'!G6)>0.001, 'Veri Girişi'!D6<>""), 'Veri Girişi'!D6, ""), "") | E6: =IFERROR(IF(AND(ABS('Veri Girişi'!G6)>0.001, 'Veri Girişi'!G6<>""), 'Veri Girişi'!G6, ""), "") | F6: =IF(AND(ISNUMBER('Veri Girişi'!G6), 'Veri Girişi'!G6>0.001), "Planlanan çıkış sonrası fazla mesai", IF(AND(ISNUMBER('Veri Girişi'!G6), 'Veri Girişi'!G6<-0.001), "Planlanan çıkıştan önce çıkılmış", ""))
A7: =IFERROR(IF(AND(ABS('Veri Girişi'!G7)>0.001, 'Veri Girişi'!A7<>""), 'Veri Girişi'!A7, ""), "") | B7: =IFERROR(IF(AND(ABS('Veri Girişi'!G7)>0.001, 'Veri Girişi'!B7<>""), 'Veri Girişi'!B7, ""), "") | C7: =IFERROR(IF(AND(ABS('Veri Girişi'!G7)>0.001, 'Veri Girişi'!C7<>""), 'Veri Girişi'!C7, ""), "") | D7: =IFERROR(IF(AND(ABS('Veri Girişi'!G7)>0.001, 'Veri Girişi'!D7<>""), 'Veri Girişi'!D7, ""), "") | E7: =IFERROR(IF(AND(ABS('Veri Girişi'!G7)>0.001, 'Veri Girişi'!G7<>""), 'Veri Girişi'!G7, ""), "") | F7: =IF(AND(ISNUMBER('Veri Girişi'!G7), 'Veri Girişi'!G7>0.001), "Planlanan çıkış sonrası fazla mesai", IF(AND(ISNUMBER('Veri Girişi'!G7), 'Veri Girişi'!G7<-0.001), "Planlanan çıkıştan önce çıkılmış", ""))
A8: =IFERROR(IF(AND(ABS('Veri Girişi'!G8)>0.001, 'Veri Girişi'!A8<>""), 'Veri Girişi'!A8, ""), "") | B8: =IFERROR(IF(AND(ABS('Veri Girişi'!G8)>0.001, 'Veri Girişi'!B8<>""), 'Veri Girişi'!B8, ""), "") | C8: =IFERROR(IF(AND(ABS('Veri Girişi'!G8)>0.001, 'Veri Girişi'!C8<>""), 'Veri Girişi'!C8, ""), "") | D8: =IFERROR(IF(AND(ABS('Veri Girişi'!G8)>0.001, 'Veri Girişi'!D8<>""), 'Veri Girişi'!D8, ""), "") | E8: =IFERROR(IF(AND(ABS('Veri Girişi'!G8)>0.001, 'Veri Girişi'!G8<>""), 'Veri Girişi'!G8, ""), "") | F8: =IF(AND(ISNUMBER('Veri Girişi'!G8), 'Veri Girişi'!G8>0.001), "Planlanan çıkış sonrası fazla mesai", IF(AND(ISNUMBER('Veri Girişi'!G8), 'Veri Girişi'!G8<-0.001), "Planlanan çıkıştan önce çıkılmış", ""))
A9: =IFERROR(IF(AND(ABS('Veri Girişi'!G9)>0.001, 'Veri Girişi'!A9<>""), 'Veri Girişi'!A9, ""), "") | B9: =IFERROR(IF(AND(ABS('Veri Girişi'!G9)>0.001, 'Veri Girişi'!B9<>""), 'Veri Girişi'!B9, ""), "") | C9: =IFERROR(IF(AND(ABS('Veri Girişi'!G9)>0.001, 'Veri Girişi'!C9<>""), 'Veri Girişi'!C9, ""), "") | D9: =IFERROR(IF(AND(ABS('Veri Girişi'!G9)>0.001, 'Veri Girişi'!D9<>""), 'Veri Girişi'!D9, ""), "") | E9: =IFERROR(IF(AND(ABS('Veri Girişi'!G9)>0.001, 'Veri Girişi'!G9<>""), 'Veri Girişi'!G9, ""), "") | F9: =IF(AND(ISNUMBER('Veri Girişi'!G9), 'Veri Girişi'!G9>0.001), "Planlanan çıkış sonrası fazla mesai", IF(AND(ISNUMBER('Veri Girişi'!G9), 'Veri Girişi'!G9<-0.001), "Planlanan çıkıştan önce çıkılmış", ""))
A10: =IFERROR(IF(AND(ABS('Veri Girişi'!G10)>0.001, 'Veri Girişi'!A10<>""), 'Veri Girişi'!A10, ""), "") | B10: =IFERROR(IF(AND(ABS('Veri Girişi'!G10)>0.001, 'Veri Girişi'!B10<>""), 'Veri Girişi'!B10, ""), "") | C10: =IFERROR(IF(AND(ABS('Veri Girişi'!G10)>0.001, 'Veri Girişi'!C10<>""), 'Veri Girişi'!C10, ""), "") | D10: =IFERROR(IF(AND(ABS('Veri Girişi'!G10)>0.001, 'Veri Girişi'!D10<>""), 'Veri Girişi'!D10, ""), "") | E10: =IFERROR(IF(AND(ABS('Veri Girişi'!G10)>0.001, 'Veri Girişi'!G10<>""), 'Veri Girişi'!G10, ""), "") | F10: =IF(AND(ISNUMBER('Veri Girişi'!G10), 'Veri Girişi'!G10>0.001), "Planlanan çıkış sonrası fazla mesai", IF(AND(ISNUMBER('Veri Girişi'!G10), 'Veri Girişi'!G10<-0.001), "Planlanan çıkıştan önce çıkılmış", ""))
A11: =IFERROR(IF(AND(ABS('Veri Girişi'!G11)>0.001, 'Veri Girişi'!A11<>""), 'Veri Girişi'!A11, ""), "") | B11: =IFERROR(IF(AND(ABS('Veri Girişi'!G11)>0.001, 'Veri Girişi'!B11<>""), 'Veri Girişi'!B11, ""), "") | C11: =IFERROR(IF(AND(ABS('Veri Girişi'!G11)>0.001, 'Veri Girişi'!C11<>""), 'Veri Girişi'!C11, ""), "") | D11: =IFERROR(IF(AND(ABS('Veri Girişi'!G11)>0.001, 'Veri Girişi'!D11<>""), 'Veri Girişi'!D11, ""), "") | E11: =IFERROR(IF(AND(ABS('Veri Girişi'!G11)>0.001, 'Veri Girişi'!G11<>""), 'Veri Girişi'!G11, ""), "") | F11: =IF(AND(ISNUMBER('Veri Girişi'!G11), 'Veri Girişi'!G11>0.001), "Planlanan çıkış sonrası fazla mesai", IF(AND(ISNUMBER('Veri Girişi'!G11), 'Veri Girişi'!G11<-0.001), "Planlanan çıkıştan önce çıkılmış", ""))
A12: =IFERROR(IF(AND(ABS('Veri Girişi'!G12)>0.001, 'Veri Girişi'!A12<>""), 'Veri Girişi'!A12, ""), "") | B12: =IFERROR(IF(AND(ABS('Veri Girişi'!G12)>0.001, 'Veri Girişi'!B12<>""), 'Veri Girişi'!B12, ""), "") | C12: =IFERROR(IF(AND(ABS('Veri Girişi'!G12)>0.001, 'Veri Girişi'!C12<>""), 'Veri Girişi'!C12, ""), "") | D12: =IFERROR(IF(AND(ABS('Veri Girişi'!G12)>0.001, 'Veri Girişi'!D12<>""), 'Veri Girişi'!D12, ""), "") | E12: =IFERROR(IF(AND(ABS('Veri Girişi'!G12)>0.001, 'Veri Girişi'!G12<>""), 'Veri Girişi'!G12, ""), "") | F12: =IF(AND(ISNUMBER('Veri Girişi'!G12), 'Veri Girişi'!G12>0.001), "Planlanan çıkış sonrası fazla mesai", IF(AND(ISNUMBER('Veri Girişi'!G12), 'Veri Girişi'!G12<-0.001), "Planlanan çıkıştan önce çıkılmış", ""))
A13: =IFERROR(IF(AND(ABS('Veri Girişi'!G13)>0.001, 'Veri Girişi'!A13<>""), 'Veri Girişi'!A13, ""), "") | B13: =IFERROR(IF(AND(ABS('Veri Girişi'!G13)>0.001, 'Veri Girişi'!B13<>""), 'Veri Girişi'!B13, ""), "") | C13: =IFERROR(IF(AND(ABS('Veri Girişi'!G13)>0.001, 'Veri Girişi'!C13<>""), 'Veri Girişi'!C13, ""), "") | D13: =IFERROR(IF(AND(ABS('Veri Girişi'!G13)>0.001, 'Veri Girişi'!D13<>""), 'Veri Girişi'!D13, ""), "") | E13: =IFERROR(IF(AND(ABS('Veri Girişi'!G13)>0.001, 'Veri Girişi'!G13<>""), 'Veri Girişi'!G13, ""), "") | F13: =IF(AND(ISNUMBER('Veri Girişi'!G13), 'Veri Girişi'!G13>0.001), "Planlanan çıkış sonrası fazla mesai", IF(AND(ISNUMBER('Veri Girişi'!G13), 'Veri Girişi'!G13<-0.001), "Planlanan çıkıştan önce çıkılmış", ""))
A14: =IFERROR(IF(AND(ABS('Veri Girişi'!G14)>0.001, 'Veri Girişi'!A14<>""), 'Veri Girişi'!A14, ""), "") | B14: =IFERROR(IF(AND(ABS('Veri Girişi'!G14)>0.001, 'Veri Girişi'!B14<>""), 'Veri Girişi'!B14, ""), "") | C14: =IFERROR(IF(AND(ABS('Veri Girişi'!G14)>0.001, 'Veri Girişi'!C14<>""), 'Veri Girişi'!C14, ""), "") | D14: =IFERROR(IF(AND(ABS('Veri Girişi'!G14)>0.001, 'Veri Girişi'!D14<>""), 'Veri Girişi'!D14, ""), "") | E14: =IFERROR(IF(AND(ABS('Veri Girişi'!G14)>0.001, 'Veri Girişi'!G14<>""), 'Veri Girişi'!G14, ""), "") | F14: =IF(AND(ISNUMBER('Veri Girişi'!G14), 'Veri Girişi'!G14>0.001), "Planlanan çıkış sonrası fazla mesai", IF(AND(ISNUMBER('Veri Girişi'!G14), 'Veri Girişi'!G14<-0.001), "Planlanan çıkıştan önce çıkılmış", ""))
... A33: =IFERROR(IF(AND(ABS('Veri Girişi'!G33)>0.001, 'Veri Girişi'!A33<>""), 'Veri Girişi'!A33, ""), "") | B33: =IFERROR(IF(AND(ABS('Veri Girişi'!G33)>0.001, 'Veri Girişi'!B33<>""), 'Veri Girişi'!B33, ""), "") | C33: =IFERROR(IF(AND(ABS('Veri Girişi'!G33)>0.001, 'Veri Girişi'!C33<>""), 'Veri Girişi'!C33, ""), "") | D33: =IFERROR(IF(AND(ABS('Veri Girişi'!G33)>0.001, 'Veri Girişi'!D33<>""), 'Veri Girişi'!D33, ""), "") | E33: =IFERROR(IF(AND(ABS('Veri Girişi'!G33)>0.001, 'Veri Girişi'!G33<>""), 'Veri Girişi'!G33, ""), "") | F33: =IF(AND(ISNUMBER('Veri Girişi'!G33), 'Veri Girişi'!G33>0.001), "Planlanan çıkış sonrası fazla mesai", IF(AND(ISNUMBER('Veri Girişi'!G33), 'Veri Girişi'!G33<-0.001), "Planlanan çıkıştan önce çıkılmış", ""))

Sheet Özet
A1: Çalışma Süresi Özeti
A2: Toplam kayıt sayısı | B2: =COUNTIF('Veri Girişi'!C3:C33,">0") -> 0
A3: Toplam normal çalışma saati | B3: {=SUM('Veri Girişi'!F3:F33)} -> 0
A4: Toplam fazla mesai saati | B4: {=SUM('Veri Girişi'!G3:G33)} -> 0
A5: Fazla mesai yapan kayıt sayısı | B5: {=COUNTIF('Veri Girişi'!G3:G33,">0")} -> 0
A6: En yüksek fazla mesai | B6: {=MAX('Veri Girişi'!G3:G33)} -> 0
